,category,title,review_cnt
0,더모 코스메틱,[세븐틴 버논PICK] 바이오더마 센시비오 H2O 500ml+500ml,"(16,501건)"
1,더모 코스메틱,[한정기획] 라로슈포제 똘러리앙 포밍클렌저 125ml 더블 기획,"(3,626건)"
2,더모 코스메틱,아벤느 클리낭스 클렌징 젤 400ml *피지잡는 *약산성클렌저,"(5,123건)"
3,더모 코스메틱,아벤느 미셀라 클렌징 워터 500ml,"(1,974건)"
4,더모 코스메틱,[2022어워즈 한정기획]바이오더마 센시비오 H2O 500ml+500ml,"(45,704건)"
5,더모 코스메틱,[온라인단독] 라로슈포제 에빠끌라 딥클렌징포밍크림 더블 기획,"(3,154건)"
6,더모 코스메틱,바이오더마 센시비오 H2O 250ml,"(36,546건)"
7,더모 코스메틱,에스트라 아토베리어365 버블클렌저 150ml,"(1,297건)"
8,더모 코스메틱,[세븐틴 버논PICK]바이오더마 센시비오 H2O 850ml,"(19,987건)"
9,더모 코스메틱,[1+1] 피지오겔 레드수딩 시카밸런스 +AC 폼클렌저 120ml+120ml 기획,(31건)
10,더모 코스메틱,[온라인단독]라로슈포제 똘러리앙 포밍클렌저 더블 기획,(722건)
11,더모 코스메틱,바이오더마 하이드라비오 H2O 500ml,"(2,145건)"
12,더모 코스메틱,바이오더마 세비엄 H2O 500ml,"(1,980건)"
13,더모 코스메틱,에스트라 테라크네365 클리어 딥 클렌징 폼 200g,(892건)
14,더모 코스메틱,[단독기획] 셀퓨전씨 트리악 데일리 트러블 케어 폼 클렌저 (본품130ml+50ml 추가 증정),(561건)
15,더모 코스메틱,유리아쥬 레 데마끼앙 더블 기획 (250ml+250ml),"(1,360건)"
16,더모 코스메틱,셀퓨전씨 파파야 그레뉼 필스 울트라 50g,(183건)
17,더모 코스메틱,라로슈포제 시카플라스트 라방 B5 저자극 클렌저,(436건)
18,더모 코스메틱,[한정기획] 바이오더마 세비엄 젤 무쌍 500ml+고급 샤워볼,"(2,173건)"
19,더모 코스메틱,피지오겔 DMT 클렌징 젤 150ml,(337건)
20,더모 코스메틱,바이오더마 센시비오 H2O 100ml,"(44,272건)"
21,더모 코스메틱,라로슈포제 똘러리앙 퓨리파잉 포밍 크림,"(2,900건)"
22,더모 코스메틱,에스트라 아토베리어365 필링젤 150ml,(832건)
23,더모 코스메틱,유리아쥬 미셀라 클렌징 워터 센서티브 더블 기획 (500ml+500ml),(966건)
24,더모 코스메틱,[한정기획/세븐틴 버논 PICK]바이오더마 센시비오 H2O eye 립앤아이리무버 125ml 기획(+화장솜 30매 증정),(568건)
25,더모 코스메틱,[세븐틴 버논PICK] 바이오더마 센시비오 H2O 500ml+250ml 기획(+코튼파우치 증정),"(19,852건)"
26,더모 코스메틱,눅스 베리로즈 미셀라 클렌징 오일 150ml,(252건)
27,더모 코스메틱,더말로지카 데일리 슈퍼폴리언트 13g,(86건)
28,더모 코스메틱,유리아쥬 미셀라 클렌징 워터 더블 기획 (250ml + 250ml),(474건)
29,더모 코스메틱,눅스 맨 올인원 포밍 젤 클렌저 200ml,(100건)
30,더모 코스메틱,라로슈포제 똘러리앙 울트라 더모 하이드레이팅 포밍젤 150ml,(84건)
31,더모 코스메틱,바이오더마 세비엄 젤무쌍 500ml,(731건)
32,더모 코스메틱,센텔리안24 마데카 살리실산 클렌징젤 (본품160g+80g 증정),(105건)
33,더모 코스메틱,유세린 더머토 클린 리프레싱 클렌징젤 200ml,(672건)
34,더모 코스메틱,라로슈포제 에빠끌라 퓨리파잉 포밍 젤,(725건)
35,더모 코스메틱,피지오겔 레드수딩 AI 젠틀 포밍젤 180ml,(44건)
36,더모 코스메틱,바이오더마 센시비오 젤 무쌍 200ml,(228건)
37,더모 코스메틱,바이오더마 센시비오 레 데마끼앙 (민감 피부용 클렌징 밀크),(260건)
38,더모 코스메틱,[세븐틴 버논 PICK]바이오더마 센시비오 H2O eye 125ml (립앤아이리무버),(554건)
39,더모 코스메틱,유리아쥬 미셀라 클렌징 폼 150ml,(0건)
40,더모 코스메틱,닥터디퍼런트 제로 클렌저 200ml (중건성),(65건)
41,더모 코스메틱,셀퓨전씨 약산성 패리어 클렌징 폼 165ml,(67건)
42,더모 코스메틱,피지오겔 DMT 클렌저 150ml,(520건)
43,더모 코스메틱,바이오더마 세비엄 H2O 100ml,(179건)
44,더모 코스메틱,라로슈포제 에빠끌라 딥클렌징포밍크림 125ml 기획,"(3,109건)"
45,더모 코스메틱,센텔리안24 마데카 병풀 딥 클렌징 오일 200ml,(61건)
46,더모 코스메틱,아벤느 클리낭스 클렌징 젤 200ml,"(4,008건)"
47,더모 코스메틱,유세린 더모 퓨리파이어 클렌징 젤 200ml,(74건)
48,더모 코스메틱,[세븐틴 버논PICK] 바이오더마 센시비오 H2O 500ml,"(36,548건)"
49,더모 코스메틱,[피부 진정 솔루션 PDRx]리쥬란 더마 힐러 모이스처 버블 클렌징 워터 150ml,(1건)
50,더모 코스메틱,[한정기획] 라로슈포제 똘러리앙 포밍클렌저 125ml 기획(+시카 밤 3ml*2EA),(718건)
51,더모 코스메틱,피지오겔 레드수딩 시카밸런스 +AC 클렌징폼 120ml,(29건)
52,더모 코스메틱,아벤느 클리낭스 클렌징 젤 400+200ml 기획,"(2,461건)"
53,더모 코스메틱,유리아쥬 베이비 진정케어 기프트세트 (베이비 클렌징 바 100g+베이비 시카 스프레이 100ml),(2건)
54,더모 코스메틱,센텔리안24 마데카 옴므 클렌징폼 120ml,(2건)
55,더모 코스메틱,바이오더마 세비엄 H2O 250ml,(139건)
56,더모 코스메틱,셀퓨전씨 약산성 패리어 클렌징 워터 300ml,(0건)
57,더모 코스메틱,에스트라 테라크네365 클리어 약산성 클렌징젤 200ml,(52건)
58,더모 코스메틱,더말로지카 스페셜 클렌징 젤 50ml,(31건)
59,더모 코스메틱,더말로지카 스페셜 클렌징 젤 250ml,(37건)
60,더모 코스메틱,에스트라 테라크네365 버블클렌저 150ml,(227건)
61,더모 코스메틱,바이오더마 하이드라비오 H2O 100ml,(173건)
62,더모 코스메틱,엠브리올리스 미셀라 로션 250ml,(18건)
63,더모 코스메틱,눅스 베리로즈 무스폼 클렌저 더블 기획 (150ml+150ml),(374건)
64,더모 코스메틱,라로슈포제 에빠끌라 딥 클렌징 포밍 크림,"(1,874건)"
65,더모 코스메틱,바이오더마 클렌징워터 250ml 3종 택1,"(1,599건)"
66,더모 코스메틱,유리아쥬 이제악 클렌징 젤 150ml,(131건)
67,더모 코스메틱,유리아쥬 미셀라 클렌징 워터 더블기획 (500ml + 500ml),"(2,066건)"
68,더모 코스메틱,눅스 아쿠아벨라 젤 클렌저 150ml,(116건)
69,더모 코스메틱,눅스 베리로즈 멜팅 클렌징 밀크 더블 기획 (200ml+200ml),(273건)
70,더모 코스메틱,유리아쥬 미셀라 클렌징 폼 150ml,(152건)
71,더모 코스메틱,닥터디퍼런트 퍼스트클렌저 200ml,(20건)
72,더모 코스메틱,[단독기획] 셀퓨전씨 레이저 썬스크린 더블기획 (35ml+35ml),"(7,396건)"
73,더모 코스메틱,[단독기획] 셀퓨전씨 토닝 썬스크린 1+1기획 (35ml+35ml),"(4,044건)"
74,더모 코스메틱,[한정기획] 라로슈포제 유비데아 안뗄리오스 톤업 로지 30ml 기획 (+시카 토너 50ml),(0건)
75,더모 코스메틱,[한정기획] 라로슈포제 유비데아 안뗄리오스 톤업 라이트 30ml 기획 (+시카 토너 50ml),"(1,087건)"
76,더모 코스메틱,[단독기획] 셀퓨전씨 더마 릴리프 썬스크린 더블 기획 (35ml + 35ml),"(1,821건)"
77,더모 코스메틱,[단독기획] 셀퓨전씨 아쿠아티카 썬스크린 더블기획 (35ml+35ml),(381건)
78,더모 코스메틱,라로슈포제 유비데아 안뗄리오스 톤업 로지 30ml,(427건)
79,더모 코스메틱,[단독기획] 셀퓨전씨 레이저 썬스크린 더블 기획 (35mlx2+1.2g 7개 샘플파우치 증정),"(2,757건)"
80,더모 코스메틱,피지오겔 DMT UV 썬로션 100ml 포켓몬 에디션(24종 뱃지 랜덤증정),(38건)
81,더모 코스메틱,피지오겔 DMT UV 썬로션 100ml,(55건)
82,더모 코스메틱,라로슈포제 유비데아 안뗄리오스 톤업 라이트 크림 30ml,(582건)
83,더모 코스메틱,피지오겔 레드수딩 AI 센서티브 UV썬스크린 40ml,(250건)
84,더모 코스메틱,[한정기획] 라로슈포제 유비데아 안뗄리오스 톤업 로지 30ml 기획 (+시카 밤 3ml+유비데아 로지 3ml),(290건)
85,더모 코스메틱,아벤느 선 미네랄 크림 50ml SPF50+ PA++++,(619건)
86,더모 코스메틱,[세계랭킹1위_고진영 프로 PICK] 리쥬란힐러 UV 프로텍션 크림 40ml 기획(+10ml 추가증정),(102건)
87,더모 코스메틱,[세계랭킹1위_고진영 프로 PICK] 리쥬란힐러 UV 프로텍션 크림 40ml,(100건)
88,더모 코스메틱,셀퓨전씨 스틱 썬스크린 19g (SPF50+/PA++++),"(2,659건)"
89,더모 코스메틱,피지오겔 레드수딩 AI 센서티브 UV 썬스크린 40ml 포켓몬 에디션(24종 뱃지 랜덤증정),(24건)
90,더모 코스메틱,피지오겔 DMT UV 썬쿠션 15G 포켓몬 에디션(24종 뱃지 랜덤증정),(75건)
91,더모 코스메틱,[피부특화 DNA성분] 리쥬란힐러 UV 프로텍션 밤 19g,(20건)
92,더모 코스메틱,오가나셀 펩타이드 데일리 톤업 선크림 50ml,(7건)
93,더모 코스메틱,닥터디퍼런트 더블 디펜스 선블록 40ml(2022리뉴얼),(74건)
94,더모 코스메틱,[온라인단독] 라로슈포제 유비데아 안뗄리오스 톤업 로지 더블 기획,(233건)
95,더모 코스메틱,라로슈포제 유비데아 안뗄리오스 틴티드 크림 [톤보정],"(1,147건)"
96,더모 코스메틱,[단독기획]에스트라 에이시카365 소프트 진정 팩 패드 60매 기획(+10매 추가증정),"(1,491건)"
97,더모 코스메틱,셀퓨전씨 포스트 알파 퍼스트 쿨링 마스크 5P,"(12,120건)"
98,더모 코스메틱,셀퓨전씨 포스트 알파 시카 쿨링 마스크 1P,"(2,143건)"
99,더모 코스메틱,[1분각질팩] 에스테덤 라이트닝 버핑 마스크 75ml,(74건)
100,더모 코스메틱,에스트라 에이시카365 소프트 진정 팩 패드 60매,"(1,484건)"
101,더모 코스메틱,피지오겔 레드수딩 AI 릴리프 마스크,(442건)
102,더모 코스메틱,셀퓨전씨 트리악 모공톡스 패드 (60매),"(1,031건)"
103,더모 코스메틱,[1분모공팩] 에스테덤 젠틀 딥 포어 클렌저 75ml,(234건)
104,더모 코스메틱,셀퓨전씨 포스트 알파 쿨링 패드 70매,(372건)
105,더모 코스메틱,셀퓨전씨 트리악 모공 톡스 패드 기획세트(+10매 추가증정),"(1,021건)"
106,더모 코스메틱,셀퓨전씨 포스트 알파 퍼스트 쿨링 마스크 1P,"(7,168건)"
107,더모 코스메틱,닥터디퍼런트 카밍 앤 모이스처 마스크,(43건)
108,더모 코스메틱,눅스 크렘프레쉬 수분 마스크 50ml,(27건)
109,더모 코스메틱,[피부특화 DNA성분] 리쥬란힐러 스킨 프로텍션 마스크 27ml * 5입,(482건)
110,더모 코스메틱,[피부특화 DNA성분] 리쥬란힐러 스킨 프로텍션 마스크 1매,(481건)
111,더모 코스메틱,에스테덤 젠틀 딥 포어 클렌저 75ml 기획(+셀룰러 워터 미스트 30ml 증정),(237건)
112,더모 코스메틱,도미나스 아웃도어 톤업패치(4회분),(1건)
113,더모 코스메틱,[피부특화 DNA성분]리쥬란힐러 힐링 마스크 5매,(50건)
114,더모 코스메틱,센텔리안24 마데카 멜라 캡처 앰플 마스크 1매,(183건)
115,더모 코스메틱,닥터디퍼런트 더마 릴렉싱 마스크 5매,(82건)
116,더모 코스메틱,라로슈포제 시카플라스트 마스크 B5,"(2,046건)"
117,더모 코스메틱,센텔리안24 링클셀 코어 리프팅 마스크,(151건)
118,더모 코스메틱,[피부특화 DNA성분] 리쥬란힐러 퍼펙트 힐링 V 타이터 4매,(114건)
119,더모 코스메틱,닥터디퍼런트 카밍 앤 모이스처 마스크 5매,(72건)
120,더모 코스메틱,[깡나PICK] 바이오더마 아토덤 울트라 크림 500ml+200ml,"(1,318건)"
121,더모 코스메틱,피지오겔 DMT 바디로션 400ml,"(2,493건)"
122,더모 코스메틱,아벤느 트릭세라 밤 400ml,(757건)
123,더모 코스메틱,[세븐틴 버논PICK] 바이오더마 아토덤 립스틱 1+1 기획,"(18,322건)"
124,더모 코스메틱,유리아쥬 스틱레브르 무향 더블기획 (4g+4g),"(5,373건)"
125,더모 코스메틱,유리아쥬 스틱레브르 오리지널 보습 립밤 더블기획 (4g +4g),"(7,997건)"
126,더모 코스메틱,[2022어워즈 한정기획]바이오더마 아토덤 립스틱 1+1 기획,"(19,422건)"
127,더모 코스메틱,피지오겔 레드 수딩 AI 바디로션 400ml,(604건)
128,더모 코스메틱,유리아쥬 진피 마일드 젤 200ml 기획 (200ml+50ml),"(2,380건)"
129,더모 코스메틱,유리아쥬 진피 마일드 폼 150ml,"(1,899건)"
130,더모 코스메틱,에스트라 아토베리어365 바디로션 400ml,(686건)
131,더모 코스메틱,에스트라 아토베리어365 바디크림 250ml,(529건)
132,더모 코스메틱,[한정기획] 피지오겔 DMT 립밤 더블 기획,"(1,963건)"
133,더모 코스메틱,[한정기획] 피지오겔 AI바디로션 400ml 기획(+시카워시 100ml 증정),"(1,102건)"
134,더모 코스메틱,[2022어워즈]유리아쥬 진피마일드젤 500ml+진피 미스트 50ml 기획,"(4,553건)"
135,더모 코스메틱,유리아쥬 제모스 세라뜨 200ml (제모스토너 50ml*2 증정),(732건)
136,더모 코스메틱,아벤느 콜드크림 컨센트레이트 핸드크림 50ml 2입 기획,(0건)
137,더모 코스메틱,피지오겔 레드수딩 AI 바디로션 400ml 기획 (400ml + 바디워시 50ml),(813건)
138,더모 코스메틱,눅스 레브드미엘 스틱레브르 더블 기획 (4g+4g),(520건)
139,더모 코스메틱,바이오더마 아토덤 젤 두쉬 1L,(128건)
140,더모 코스메틱,피지오겔 DMT 바디워시 400ml,(240건)
141,더모 코스메틱,유리아쥬 스틱레브르 오리지널 4g,"(1,808건)"
142,더모 코스메틱,바이오더마 아토덤 핸드&네일크림 더블 기획,"(1,369건)"
143,더모 코스메틱,피지오겔 DMT 베이비 로션 400ml,(12건)
144,더모 코스메틱,유리아쥬 이제악 바 100g,(124건)
145,더모 코스메틱,[단독기획] 유리아쥬 진피 마일드 젤 200ml+진피 미스트 50ml,(583건)
146,더모 코스메틱,라로슈포제 시카플라스트 레브르 립밤,(580건)
147,더모 코스메틱,눅스 쁘띠 홀리데이 기프트 세트 (베리로즈립밤15g+플로럴 샤워젤 30ml+플로럴 오일 10ml),(8건)
148,더모 코스메틱,바이오더마 아토덤 PP밤 500ml,"(1,065건)"
149,더모 코스메틱,[단독기획] 유리아쥬 진피 마일드 젤 500ml+진-8 100ml,(852건)
150,더모 코스메틱,아벤느 시칼파트 SOS 립밤 10ml,(694건)
151,더모 코스메틱,유리아쥬 워터 핸드 크림 50ml,(321건)
152,더모 코스메틱,눅스 맨 올인원 포밍 젤 클렌저 200ml,(100건)
153,더모 코스메틱,유리아쥬 진-8 100ml,(415건)
154,더모 코스메틱,유리아쥬 진피 마일드 젤 500ml,"(2,106건)"
155,더모 코스메틱,바이오더마 아토덤 윌 드 두쉬 1L,(86건)
156,더모 코스메틱,[NEW] 유리아쥬 배리어덤 시카레브르15ml,(240건)
157,더모 코스메틱,아벤느 트릭세라 클렌징 젤 400ml 기획(+샤워볼 증정),(95건)
158,더모 코스메틱,[단독기획] 유리아쥬 진피 마일드 폼 150ml+진피 미스트 50ml,"(1,890건)"
159,더모 코스메틱,[NEW] 아벤느 콜드크림 너리싱 스틱 레브르 더블 기획 (4g+4g),(122건)
160,더모 코스메틱,유세린 아쿠아퍼 SOS 립 리페어 10ml,(640건)
161,더모 코스메틱,에스트라 아토베리어365 핸드&립 듀오 세트,(185건)
162,더모 코스메틱,피지오겔 베이비 탑투토 워시 300ml,(28건)
163,더모 코스메틱,눅스 레브드미엘 핸드 앤 네일 크림 50ml 듀오 기획,(732건)
164,더모 코스메틱,유리아쥬 워터 핸드 크림 50ml&스틱레브르 오리지널(핸드&립 선물기획),(1건)
165,더모 코스메틱,유리아쥬 배리어덤 멀티 스틱 22g (보습 스틱),(289건)
166,더모 코스메틱,바이오더마 아토덤 윌 드 두쉬 200ml,(241건)
167,더모 코스메틱,[세븐틴 디노PICK] 바이오더마 아토덤 울트라 크림 200ml,(291건)
168,더모 코스메틱,유리아쥬 배리어덤 피셔 40g (멀티밤),(175건)
169,더모 코스메틱,유세린 아쿠아퍼 리페어링 오인트먼트 110ml,(180건)
170,더모 코스메틱,[한정기획] 피지오겔 DMT 핸드크림 30ml 더블 기획,(646건)
171,더모 코스메틱,아벤느 콜드크림 하이드레이팅 립밤 4g,(47건)
172,더모 코스메틱,바이오더마 아토덤 핸드&네일 크림 50ml,(262건)
173,더모 코스메틱,라로슈포제 시카플라스트 데일리 핸드 트리트먼트 크림,(334건)
174,더모 코스메틱,유리아쥬 베이비 샴푸 200ML,(2건)
175,더모 코스메틱,[2022어워즈 한정기획]바이오더마 아토덤 울트라 크림 500ml 기획,"(1,480건)"
176,더모 코스메틱,유리아쥬 베이비 로션 프리미어 레 500ML,(3건)
177,더모 코스메틱,유리아쥬 베이비 클렌저 200ML,(2건)
178,더모 코스메틱,아벤느 콜드크림 너리싱 립밤 4g,(81건)
179,더모 코스메틱,피지오겔 레드수딩 시카밸런스 +AC 바디워시 320ml,(17건)
180,더모 코스메틱,[세븐틴 디노PICK] 바이오더마 시카비오 리페어 핸드 밤 50ml,(50건)
181,더모 코스메틱,[세븐틴 디노PICK] 바이오더마 아토덤 울트라 크림 500ml,(287건)
182,더모 코스메틱,에스트라 아토베리어365 립밤,(212건)
183,더모 코스메틱,에스트라 아토베리어365 핸드크림 50ml,(68건)
184,더모 코스메틱,피지오겔 DMT 베이비 인텐시브 크림 100ml,(12건)
185,더모 코스메틱,눅스 베스트셀러 기프트세트(드라이오일 30ml + 레브드미엘 핸드 앤 네일크림 30ml),"(1,244건)"
186,더모 코스메틱,눅스 베스트셀러 기프트세트(드라이오일 30ml + 레브드미엘 스틱레브르4g),(528건)
187,더모 코스메틱,에스트라 아토베리어3﻿65 립밤 1+1 기획,(214건)
188,더모 코스메틱,피지오겔 레드수딩 시카밸런스 +AC 바디미스트 150ml,(52건)
189,더모 코스메틱,아벤느 콜드크림 핸드크림&립밤 기프트기획,(156건)
190,더모 코스메틱,유리아쥬 베이비 클렌저 500ML,(2건)
191,더모 코스메틱,피지오겔 DMT 마일드 립밤,"(1,961건)"
192,더모 코스메틱,아벤느 콜드크림 컨센트레이트 핸드크림 50ml,(28건)
193,더모 코스메틱,바이오더마 에이비씨덤 윌 두쎄르 200ml,(18건)
194,더모 코스메틱,바이오더마 아토덤 프리벤티브 200ml,(71건)
195,더모 코스메틱,바이오더마 아토덤 윌 드 두쉬 100ml,(161건)
196,더모 코스메틱,눅스 레브드미엘 핸드 앤 네일 크림 50ml,(115건)
197,더모 코스메틱,바이오더마 에이비씨덤 젤무쌍 (1L+ 200ml),(208건)
198,더모 코스메틱,유리아쥬 데오도란트 프레쉐 125ml(스프레이 타입),(30건)
199,더모 코스메틱,에이비씨덤 젤무쌍1L+프리벤티브 더블 기획 (200ml+200ml),(43건)
200,더모 코스메틱,눅스 레브드미엘 립밤 15g,(231건)
201,더모 코스메틱,바이오더마 아토덤 젤두쉬 500ml,(500건)
202,더모 코스메틱,유리아쥬 푸루리시드 크림 100ml (칼라민 크림),(145건)
203,더모 코스메틱,유리아쥬 제모스 스틱레브르 4g (무향),(443건)
204,더모 코스메틱,바이오더마 아토덤 젤두쉬 200ml,(125건)
205,더모 코스메틱,눅스 레브드미엘 스틱레브르 4g (꿀 스틱 립밤),(518건)
206,더모 코스메틱,바이오더마 에이비씨덤 젤무쌍 200ml,(18건)
207,더모 코스메틱,유리아쥬 데오도란트 두세르 50ml (롤온 타입),(470건)
208,더모 코스메틱,유리아쥬 진피 미스트 50ml,(358건)
209,더모 코스메틱,유리아쥬 립&핸드 기획 (스틱레브르 오리지널 1개+워터 핸드크림 30ml),(135건)
210,더모 코스메틱,바이오더마 에이비씨덤 이드라땅 500ml+젤무쌍 200ml,(82건)
211,더모 코스메틱,유리아쥬 EAU 실키바디로션 500ML,(345건)
212,더모 코스메틱,유리아쥬 쉬르그라 바디 젤 클렌저 500ML,(216건)
213,더모 코스메틱,유리아쥬 이제악 클렌징 젤 500ml,(61건)
214,더모 코스메틱,피지오겔 DMT 이너클렌저 150ml,(7건)
215,더모 코스메틱,아벤느 바디 모이스처라이징 멜트-인-밤 250ml,(62건)
216,더모 코스메틱,눅스 프로디쥬스 플로럴 오일 샤워젤 200ml,(193건)
217,더모 코스메틱,바이오더마 아토덤 인텐시브 젤 크림 500ml,(603건)
218,더모 코스메틱,라로슈포제 리피카 레 바디밀크 400ml,(201건)
219,더모 코스메틱,눅스 레브드미엘 바디스크럽 기획(+드라이오일 10ml+우드스쿱 증정),(0건)
220,더모 코스메틱,눅스 맨 데오도란트 롤온 50ml,(50건)
221,헤어케어,바이오더마 에이비씨덤 샴푸잉 200ml,(28건)
222,더모 코스메틱,아벤느 트릭세라 클렌징 젤 400ml,(52건)
223,더모 코스메틱,바이오더마 에이비씨덤 콜드-크림 크렘 비자쥬 에 꼬르 200ml,(16건)
224,더모 코스메틱,바이오더마 에이비씨덤 체인지 인텐시브 75g,(9건)
225,더모 코스메틱,[2022어워즈]유리아쥬 스틱레브르 기획(오리지널2개+무향1개),"(8,038건)"
226,더모 코스메틱,바이오더마 에이비씨덤 H2O 100ml,(29건)
227,더모 코스메틱,유리아쥬 제모스 신데뜨 200ml,(63건)
228,더모 코스메틱,[한정기획] 라로슈포제 NEW 시카플라스트 밤B5+ 100ml 기획(+시카토너 50ml+시카밤 3ml*2 증정),"(1,257건)"
229,더모 코스메틱,[한정기획/세븐틴 버논PICK]바이오더마 시카비오 포마드 100ml 더블 기획 (100ml + 100ml),"(9,338건)"
230,더모 코스메틱,[현재PICK] NEW 아벤느 이드랑스 아쿠아 크림-인-젤 EX 50ml 기획(파우치 증정),(47건)
231,더모 코스메틱,[한정기획]아벤느 이드랑스 에센스 인 로션 200ml 1+1 기획(파우치 증정),"(8,361건)"
232,더모 코스메틱,[한정기획] 피지오겔 레드수딩 AI 진정보습 크림 100ml 기획(+50ml 증정),"(3,631건)"
233,더모 코스메틱,아벤느 오 떼르말 300ml 2입 기획,"(10,494건)"
234,더모 코스메틱,[한정기획]아벤느 트릭세라 뉴트리-플루이드 로션 1+1 기획 (200ml +100ml+100ml),"(5,280건)"
235,더모 코스메틱,[한정기획]피지오겔 DMT 보습크림 150ml+75ml기획(+릴리프밤 10ml),"(19,024건)"
236,더모 코스메틱,[한정기획] 라로슈포제 시카플라스트 크림 B5 100ml 기획(+시카세럼 30ml),(49건)
237,더모 코스메틱,에스트라 아토베리어365 크림 기프트 세트(크림 80ml*2+로션 60ml+하이드로에센스 40ml),(73건)
238,더모 코스메틱,바이오더마 아토덤 인텐시브 밤 500ml,"(1,846건)"
239,더모 코스메틱,[온라인몰 한정기획] 바이오더마 하이드라비오 세럼 더블기획(40ml+40ml),"(4,311건)"
240,더모 코스메틱,[한정기획]아벤느 젠틀 토닝 로션 200ml 1+1 기획,"(4,773건)"
241,더모 코스메틱,[1+1] 피지오겔 DMT 에센스 인 토너 200+200ml 기획,(642건)
242,더모 코스메틱,[올리브영 한정기획] 피지오겔 DMT 로션 200ml 기획(+토너 50ml 증정),"(10,245건)"
243,더모 코스메틱,[한정기획] 라로슈포제 에빠끌라 울트라 컨센트레이티드 세럼 30ml 기획(+에빠폼 15ml),(545건)
244,더모 코스메틱,[단독기획]유세린 하이알루론 아이크림 15ml 기획(+컨센트레이트 세럼 5ml+나이트크림 7ml ),"(4,219건)"
245,더모 코스메틱,[2022어워즈]에스트라 아토베리어365 크림 80ml 기획(+시카세럼10ml+패드6매),"(25,713건)"
246,더모 코스메틱,피지오겔 DMT 페이셜 크림 150ml,"(16,999건)"
247,더모 코스메틱,[한정기획/세븐틴 디노PICK] 바이오더마 하이드라비오 에센스로션 200ml(화장솜 증정),"(6,110건)"
248,더모 코스메틱,에스트라 아토베리어365 로션 150ml,"(11,786건)"
249,더모 코스메틱,에스트라 아토베리어365 크림 80ml,"(4,387건)"
250,더모 코스메틱,라로슈포제 에빠끌라 H 토너 200ml (복합성/건성 피부),"(1,475건)"
251,더모 코스메틱,에스트라 에이시카365 흔적 진정 세럼 40ml,"(2,835건)"
252,더모 코스메틱,라로슈포제 똘러리앙 울트라 로션 200ML,(522건)
253,더모 코스메틱,닥터디퍼런트 비타리프트 에이 포르테 20g,(853건)
254,더모 코스메틱,[한정기획] 라로슈포제 에빠끌라 듀오+ 에센스 40ml 기획 (+시카 토너 50ml),"(3,065건)"
255,더모 코스메틱,[2022어워즈]리쥬란힐러 턴오버 앰플 듀얼 이펙트 30ml(+1ml*7ea증정) 기획,(801건)
256,더모 코스메틱,라로슈포제 히알루 B5 세럼 기획 (세럼 30ml+1.5ml+똘러리앙로션15ml),"(2,713건)"
257,더모 코스메틱,유세린 하이알루론 아이 크림 15ml,"(1,429건)"
258,더모 코스메틱,바이오더마 하이드라비오 토너 250ml,"(4,710건)"
259,더모 코스메틱,피지오겔 레드수딩 AI 진정보습 로션 200ml,"(2,899건)"
260,더모 코스메틱,에스트라 아토베리어365 크림미스트 120ml,"(4,162건)"
261,더모 코스메틱,[증량] 에스트라 테라크네365 하이드레이션 토너 320ml,"(3,108건)"
262,더모 코스메틱,[한정기간특가] 피지오겔 DMT 데일리보습 페이셜 크림 75ml 트리플 기프트세트,"(13,376건)"
263,더모 코스메틱,[온라인몰 한정기획] 바이오더마 하이드라비오 에센스로션 더블기획(200ml+200ml),"(6,095건)"
264,더모 코스메틱,유세린 하이알루론 나이트 크림 50ml,"(3,961건)"
265,더모 코스메틱,셀퓨전씨 레이저 리쥬버네이션 크림 (본품 50ml+20ml 추가 증정),"(2,611건)"
266,더모 코스메틱,피지오겔 DMT 데일리보습 로션 200ml,"(7,585건)"
267,더모 코스메틱,[한정기획] 피지오겔 AI로션 200ml 기획(+AI 포밍젤 20ml 증정),"(6,257건)"
268,더모 코스메틱,[한정기획] 라로슈포제 히알루B5 세럼 30ml 기획 (히알루B5 세럼+3ml*2EA),"(2,947건)"
269,더모 코스메틱,[NEW] 피지오겔 레드수딩 AI 어드밴스드 릴리프밤 75ml,(6건)
270,더모 코스메틱,에스트라 아토베리어365 하이드로 에센스 200ml 기획(수딩크림 30ml+테라폼 30g증정),"(4,875건)"
271,더모 코스메틱,유세린 아쿠아포린 액티브 크림 포 드라이 스킨 50ml,(416건)
272,더모 코스메틱,바이오더마 하이드라비오 세럼 40ml,"(2,561건)"
273,더모 코스메틱,[피부특화 DNA성분]리쥬란힐러 턴오버 액티브 크림 50ml 기획(+더마힐러 크림10g),(235건)
274,더모 코스메틱,바이오더마 센시비오 토너 250ml,"(1,716건)"
275,더모 코스메틱,피지오겔 DMT 인텐시브크림 100ml,"(2,543건)"
276,더모 코스메틱,눅스 윌 프로디쥬스 멀티 플로럴 오일 100ml 기획(+플로럴오일10ml),"(2,327건)"
277,더모 코스메틱,유세린 하이알루론 컨센트레이트 6개입 (6주분),"(1,004건)"
278,더모 코스메틱,눅스 윌 프로디쥬스 멀티 드라이 오일 100ml 기획(+멀티오일 10ml),"(3,439건)"
279,더모 코스메틱,라로슈포제 NEW 시카플라스트밤B5+ 100ml,"(1,172건)"
280,더모 코스메틱,바이오더마 시카비오 포마드 40ml,"(1,596건)"
281,더모 코스메틱,"유리아쥬 제모스 PSO 150ml 기획(+제모스스틱레브르4g, 스탠드 증정)",(88건)
282,더모 코스메틱,[현재PICK] NEW 아벤느 이드랑스 아쿠아 크림-인-젤 EX 50ml,(27건)
283,더모 코스메틱,아벤느 이드랑스 딥 모이스트로션 200ml,(790건)
284,더모 코스메틱,에스트라 아토베리어365 하이드로 에센스 200ml,"(4,933건)"
285,더모 코스메틱,라로슈포제 시카플라스트 로션 B5 판테놀 시카에센스 토너 200ml,(945건)
286,더모 코스메틱,[세븐틴 버논PICK] 바이오더마 시카비오 포마드 100ml,"(4,029건)"
287,더모 코스메틱,유리아쥬 배리어덤 시카 데일리 세럼 30ml (시카토너50ml 증정),(574건)
288,더모 코스메틱,아벤느 이드랑스 에센스 인 로션 200ml 기획 (+100ml 증정),"(9,435건)"
289,더모 코스메틱,바이오더마 하이드라비오 크림 50ml,(407건)
290,더모 코스메틱,[단독기획]센텔리안24 더 마데카 크림 50ml 기획(15ml*2ea추가증정),"(1,470건)"
291,더모 코스메틱,유세린 이븐래디언스 듀오 앰플 30ml,(663건)
292,더모 코스메틱,[한정기획/세븐틴 디노PICK] 바이오더마 하이드라비오 토너 500ml 기획 (+스킨패드 60매 증정),"(5,879건)"
293,더모 코스메틱,유리아쥬 오 떼르말 더블 기획 (300ml+300ml),"(2,919건)"
294,더모 코스메틱,라로슈포제 퓨어비타민C10 세럼,(178건)
295,더모 코스메틱,아벤느 리바이탈라이징 너리싱크림 50ml,(125건)
296,더모 코스메틱,피지오겔 DMT 기프트세트(크림150ml+로션200ml+크림30ml+로션50ml),(14건)
297,더모 코스메틱,눅스 윌 프로디쥬스 멀티 네롤리 오일 100ml 기획(+우드 괄사),(462건)
298,더모 코스메틱,눅스 윌 프로디쥬스 멀티 드라이 오일 (본품50ml+핸드앤네일크림15ml 증정),"(3,703건)"
299,더모 코스메틱,라로슈포제 에빠끌라 MAT 세보 컨트롤링 모이스춰라이저,(391건)
300,더모 코스메틱,아벤느 에이-옥시티브 항산화 세럼 30ml,(168건)
301,더모 코스메틱,바이오더마 하이드라비오 젤크림 40ml,(622건)
302,더모 코스메틱,[킴닥스 PICK]더마펌R4 앰플&토너 수분진정 기획세트(앰플50ml+토너100ml),"(4,067건)"
303,더모 코스메틱,바이오더마 세비엄 로션 200ml,(875건)
304,더모 코스메틱,바이오더마 아토덤 인텐시브 밤 75ml,(676건)
305,더모 코스메틱,라로슈포제 히알루B5 세럼 30ml,(241건)
306,더모 코스메틱,[눈가생기세럼] 에스테덤 히알루로닉 아이세럼 15ml (주름개선기능성),(43건)
307,더모 코스메틱,바이오더마 아토덤 인텐시브 젤 크림 200ml,(365건)
308,더모 코스메틱,닥터디퍼런트 스케일링 토너 200ml (지성용),(144건)
309,더모 코스메틱,에스트라 테라크네365 수딩에멀젼 120ml,(492건)
310,더모 코스메틱,아벤느 오떼르말 더블 기획 (50ml+50ml),"(4,445건)"
311,더모 코스메틱,바이오더마 아토덤 인텐시브 밤 200ml,(925건)
312,더모 코스메틱,에스트라 아토베리어365 하이드로 수딩크림 60ml,"(3,610건)"
313,더모 코스메틱,유리아쥬 배리어덤 시카 데일리 젤크림 40ml (시카 토너 50ml 증정),(742건)
314,더모 코스메틱,유세린 이븐래디언스 다크서클 아이크림 15ml,(32건)
315,더모 코스메틱,피지오겔 DMT 페이셜 크림 75ml,"(1,544건)"
316,더모 코스메틱,[한정기획] 피지오겔 DMT 포맨 플루이드 100ml+20ml 기획,(66건)
317,더모 코스메틱,에스트라 에이시카365 수분 진정 크림 60ml,"(1,320건)"
318,더모 코스메틱,아벤느 오 떼르말 150ml,"(1,738건)"
319,더모 코스메틱,라로슈포제 똘러리앙 덤알레르고 플루이드 40ml,(41건)
320,더모 코스메틱,셀퓨전씨 약산성 패리어 수분 크림 80ml,(602건)
321,더모 코스메틱,[한정기획] 피지오겔 AI크림 100ml 기획(+AI 마스크팩 2매 증정),"(10,326건)"
322,더모 코스메틱,닥터디퍼런트 비타아크날 TX 나이트 크림 20g,(422건)
323,더모 코스메틱,아벤느 트릭세라 로션 (본품200ml+100ml 추가 증정),"(2,619건)"
324,더모 코스메틱,[피부특화 DNA성분] 리쥬란힐러 턴오버 액티브 크림 50ml,(234건)
325,더모 코스메틱,아벤느 클리낭스 아쿠아크림-인-젤 50ml,(413건)
326,더모 코스메틱,유세린 아쿠아포린 액티브 리바이탈라이징 아이 크림 15ml,(345건)
327,더모 코스메틱,눅스 윌 프로디쥬스 멀티 리치 오일 100ml 기획(+리치오일 10ml),(525건)
328,더모 코스메틱,아벤느 똘레랑스 컨트롤 크림 40ml,(886건)
329,더모 코스메틱,라로슈포제 시카플라스트 울트라 리페어 세럼 30ml 기획,(264건)
330,더모 코스메틱,유세린 볼륨 리프팅 데이 크림 포 드라이 스킨 50ml,(225건)
331,더모 코스메틱,바이오더마 아토덤 PP밤 200ml,(683건)
332,더모 코스메틱,피지오겔 레드수딩 시카밸런스 토너 200ml,(142건)
333,더모 코스메틱,유리아쥬 제모스토너 750ml (500ml+250ml),"(3,013건)"
334,더모 코스메틱,[채수빈pick]닥터디퍼런트 씨이큐 안티옥시던트 세럼 15ml,(140건)
335,더모 코스메틱,[세븐틴 버논PICK] 바이오더마 시카비오 데이 리페어 크림 30ml,(396건)
336,더모 코스메틱,셀퓨전씨 트리악 파이널 레스큐 시럽 앰플 기획 (본품30ml+토너15ml+젤크림15ml),(468건)
337,더모 코스메틱,유리아쥬 제모스 페이스 더블 기획 (40ml+40ml+제모스토너 50ml 증정),(144건)
338,더모 코스메틱,[한정기획] 피지오겔 DMT 로션 100ml 기획(+50ml 추가 증정),"(10,103건)"
339,더모 코스메틱,[피부 진정 솔루션 PDRx]리쥬란 더마 힐러 모이스춰 트리트먼트 앰플 30ml,(8건)
340,더모 코스메틱,닥터디퍼런트 113 모이스처라이저 100ml,(171건)
341,더모 코스메틱,유세린 하이알루론 미스트 스프레이 50ml,(883건)
342,더모 코스메틱,아벤느 이드랑스 하이드레이팅 아쿠아 크림-인-젤 50ml 기획,(215건)
343,더모 코스메틱,유세린 이븐래디언스 모이스처라이저 50ml,(19건)
344,더모 코스메틱,[단독기획]에스트라 에이시카365 수분 진정 크림 60ml 기획(세럼5ml+크림10ml),"(1,321건)"
345,더모 코스메틱,아벤느 클리낭스 파워 컨트롤 세럼 30ml,(610건)
346,더모 코스메틱,유리아쥬 오떼르말 오에센스 100ml,(486건)
347,더모 코스메틱,셀퓨전씨 포스트알파 카밍 다운 크림 50ml,(621건)
348,더모 코스메틱,[단독기획]센텔리안24 링클셀 코어 아이크림 25ml (코어 세럼 10ml 증정),(266건)
349,더모 코스메틱,바이오더마 센시비오 디펜시브 리치 40ml,(45건)
350,더모 코스메틱,셀퓨전씨 포스트알파 센테카솔연고 40ml,(265건)
351,더모 코스메틱,유리아쥬 이제악 뉴스킨 세럼40ml(이제악클렌징젤50ml증정),(59건)
352,더모 코스메틱,라로슈포제 오떼르말 온천수 미스트 300ml,(269건)
353,더모 코스메틱,유리아쥬 이제악 매트 40ml,(127건)
354,더모 코스메틱,[한정기획]아벤느 이드랑스 에센스 인 로션 200ml+100ml 기획(피크닉 매트 추가 증정),"(8,057건)"
355,더모 코스메틱,유세린 우레아 리페어 리치 크림 50ml,(43건)
356,더모 코스메틱,[한정기획] 피지오겔 DMT 에센스 인 토너 200ml 기획(+50ml 추가 증정),(640건)
357,더모 코스메틱,에스트라 테라크네365 클리어 토너 150ml,(24건)
358,더모 코스메틱,유리아쥬 오 떼르말 워터 젤 크림 40ml,(110건)
359,더모 코스메틱,아벤느 이드랑스 아쿠아 크림인젤 50ml,"(1,082건)"
360,더모 코스메틱,[올영단독]닥터디퍼런트 시카 메탈 퀵 수딩 크림 50g,(425건)
361,더모 코스메틱,바이오더마 세비엄 매트 컨트롤 30ml,(629건)
362,더모 코스메틱,유세린 더머토 클린 클래리파잉 토너 200ml,(634건)
363,더모 코스메틱,센텔리안24 마데카 옴므 올인원 125ml,(2건)
364,더모 코스메틱,피지오겔 DMT 페이셜 미스트 100ml,(121건)
365,더모 코스메틱,아벤느 오 떼르말 50ml,(925건)
366,더모 코스메틱,[세븐틴 버논PICK] 바이오더마 센시비오 디펜시브 40ml,(125건)
367,더모 코스메틱,[이동욱 PICK] 더마펌 모이스트 베리어 부스팅 토너 M4 200ml(민감보습),(156건)
368,더모 코스메틱,[이동욱 PICK] 더마펌 바이오 코렉션 앰플 세라-드롭 M4 50ml(보습장벽),(439건)
369,더모 코스메틱,[민가든Pick] 리쥬란힐러 턴오버 앰플 듀얼 이펙트 30ml,(716건)
370,더모 코스메틱,엠브리올리스 레 크렘 센시티브 100ml,(63건)
371,더모 코스메틱,유세린 하이알루론 부스팅 에센스 100ml,(308건)
372,더모 코스메틱,아벤느 이드랑스 에센스-인-로션 100ml 트리오,"(1,068건)"
373,더모 코스메틱,[이동욱 PICK] 더마펌 모이스트 베리어 인텐시브 크림 M4 50ml(철벽보습),(319건)
374,더모 코스메틱,라로슈포제 시카플라스트 울트라 리페어 세럼 B5 30ml,(212건)
375,더모 코스메틱,아벤느 클리낭스 아쿠아 크림인젤 50ml 기획(+클리낭스 클렌징 젤 100ml 증정),(411건)
376,더모 코스메틱,라로슈포제 에빠끌라 듀오+ 에센스 40ml 기획(+클렌징폼 30ml 증정),"(1,829건)"
377,더모 코스메틱,*선물추천*센텔리안24 마데카 스페셜 기프트 세트(크림 50ml+15ml+앰플 7ml*2ea),"(1,502건)"
378,더모 코스메틱,[메이크업아티스트Pick] 에스테덤 셀룰러 워터 미스트 200ml (항산화 미스트),(189건)
379,더모 코스메틱,[민가든Pick] 리쥬란힐러 턴오버 앰플 듀얼 이펙트 30ml(+1ml*5ea증정),(729건)
380,더모 코스메틱,[천만병에디션]센텔리안24 엑스퍼트 마데카 멜라 캡처 앰플 프로 30ml 대용량,(227건)
381,더모 코스메틱,[추가증정]닥터디퍼런트 시카 메탈 크림 50g 기획 세트(본품+20g+패드6ea),(464건)
382,더모 코스메틱,에스트라 아토베리어365 하이드로 수딩크림 60ml 기획(+45ml 추가증정),"(4,986건)"
383,더모 코스메틱,[단독기획]에스트라 에이시카365 흔적진정세럼 40ml 기획(+세럼 5ml*2ea 증정),"(4,650건)"
384,더모 코스메틱,[한정기획] 피지오겔 DMT 포맨 에센셜 토너 200ml+15ml 기획,(24건)
385,더모 코스메틱,눅스 베리로즈 결광 에센스 150ml (코튼패드 20매 증정),(4건)
386,더모 코스메틱,[진정+탄력+자외선]닥터디퍼런트 베스트 트라이얼 키트,(104건)
387,더모 코스메틱,[NEW] 라로슈포제 시카플라스트 B5 멀티 리페어 크림 100ml,(79건)
388,더모 코스메틱,[피부 진정 솔루션 PDRx]리쥬란 더마 힐러 모이스처 크림 60g,(4건)
389,더모 코스메틱,눅스 에너지 부스터 100ml 기획(+플로럴 오일 10ml 증정),(212건)
390,더모 코스메틱,[피부 진정 솔루션 PDRx]리쥬란 더마 힐러 모이스처 트리트먼트 에센스 70g,(0건)
391,더모 코스메틱,라로슈포제 NEW 시카플라스트 밤B5+ 40ml,"(1,177건)"
392,더모 코스메틱,[한정기획] 라로슈포제 시카플라스트 울트라 리페어 세럼 30ml 기획 (+시카 세럼 10ml),(429건)
393,더모 코스메틱,[세븐틴 디노PICK] 바이오더마 하이드라비오 토너 500ml,(1건)
394,더모 코스메틱,센텔리안24 마데카 옴므 수딩 토너 150ml,(6건)
395,더모 코스메틱,눅스 베스트셀러 기프트세트(드라이오일 30ml + 레브드미엘 핸드 앤 네일크림 30ml),"(1,244건)"
396,더모 코스메틱,도미나스 멀티밤 1+1 기획팩,(62건)
397,더모 코스메틱,[단독선런칭]라로슈포제 에빠끌라 울트라 컨센트레이티드 세럼 30ml 기획,(294건)
398,더모 코스메틱,라로슈포제 에빠끌라 울트라 컨센트레이티드 세럼 30ml,(313건)
399,더모 코스메틱,에스트라 아토베리어365 로션 기프트 세트(로션 150ml*2+크림 30ml+하이드로에센스 40ml),(57건)
400,더모 코스메틱,[선물추천]센텔리안24 더 마데카 크림 스페셜 세트,"(1,172건)"
401,더모 코스메틱,[단독기획]센텔리안24 엑스퍼트 마데카 멜라 캡처 프로 더블기획(10ml*2ea),(193건)
402,더모 코스메틱,피지오겔 레드수딩 시카밸런스 크림50ml,"(1,032건)"
403,더모 코스메틱,아벤느 젠틀 토닝 로션 200ml 듀오 기획,"(4,602건)"
404,더모 코스메틱,아벤느 오 떼르말 300ml*2 + 50ml 기획,"(15,290건)"
405,더모 코스메틱,셀퓨전씨 포스트 알파 카밍 토너 200ml,(0건)
406,더모 코스메틱,도미나스 크림 플러스 20G +10G 기획,(83건)
407,더모 코스메틱,유세린 하이알루론 아이크림X나이트크림 기획(아이크림 15ml+나이트크림 50ml+컨센트레이트 5ml+화장솜),"(10,259건)"
408,더모 코스메틱,눅스 베스트셀러 기프트세트(드라이오일 30ml + 레브드미엘 스틱레브르4g),(528건)
409,더모 코스메틱,셀퓨전씨 포스트 알파 카밍 에멀전 150ml,(2건)
410,더모 코스메틱,아벤느 트릭세라 로션 200ml 기획 (+젤 100ml 증정),"(5,546건)"
411,더모 코스메틱,유리아쥬 이제악 토너 250ml(듀얼패드화장솜30매증정),(42건)
412,더모 코스메틱,[메이크업아티스트Pick] 에스테덤 씨티 프로텍트 미스트 100ml (라운딩 미스트),(34건)
413,더모 코스메틱,유리아쥬 오떼르말 50ml(N),(5건)
414,더모 코스메틱,[증량] 셀퓨전씨 약산성 패리어 토너 (본품 300ml+50mlx2ea 추가 증정),(724건)
415,더모 코스메틱,오가나셀 바이오 액티옴 리커버리 크림 50ml,(25건)
416,더모 코스메틱,엠브리올리스 레 크렘 플루이드 500ml,(6건)
417,더모 코스메틱,유세린 하이알루론 아이크림 더블기획 (15ml+15ml),"(1,408건)"
418,더모 코스메틱,유세린 아쿠아포린 액티브 라이트크림 50m 1+1 기획,(421건)
419,더모 코스메틱,유세린 아쿠아포린 액티브 리치크림50ml 1+1 기획,(450건)
420,더모 코스메틱,엠브리올리스 오 드 보떼 로자멜리스 200ml,(17건)
421,더모 코스메틱,유리아쥬 오 떼르말 워터 세럼 30ml,(80건)
422,더모 코스메틱,[세븐틴 디노PICK] 바이오더마 하이드라비오 에센스로션 200ml,"(6,087건)"
423,더모 코스메틱,엠브리올리스 레 크렘 콘센트레 75ml,(167건)
424,더모 코스메틱,엠브리올리스 필라덤 에멀젼 75ml,(27건)
425,더모 코스메틱,눅스 에너지 부스트 나이트 리커버리밤 50ml,(60건)
426,더모 코스메틱,눅스 에너지 부스트 아이젤밤 15ml,(55건)
427,더모 코스메틱,아벤느 이드랑스 리하이드레이팅 세럼 50ml,(913건)
428,더모 코스메틱,유세린 울트라 센시티브 리페어 크림 50ml,(225건)
429,더모 코스메틱,센텔리안24 마데카크림 50ml,(102건)
430,더모 코스메틱,센텔리안24 마데카 마이크로 스타톡 세럼 50ml,(109건)
431,더모 코스메틱,피지오겔 레드수딩 AI 진정보습 크림 100ml,"(8,313건)"
432,더모 코스메틱,피지오겔 레드수딩 AI 진정보습 크림 50ml,"(5,482건)"
433,더모 코스메틱,엠브리올리스 엠브리오덤 75ml,(27건)
434,더모 코스메틱,피지오겔 레드수딩 AI 진정보습 로션 100ml,"(1,697건)"
435,더모 코스메틱,에스트라 테라크네365 스팟트리트먼트 15ml,(325건)
436,더모 코스메틱,에스트라 테라크네365 에센스 50ml,(362건)
437,더모 코스메틱,유세린 더모퓨리파이어 수퍼세럼 30ml,(242건)
438,더모 코스메틱,유세린 울트라 센시티브 리페어 젤 50ml,(132건)
439,더모 코스메틱,에스트라 테라크네365 하이드레이션 토너 150ml,(416건)
440,더모 코스메틱,유리아쥬 제모스 토너 500ml,(301건)
441,더모 코스메틱,유리아쥬 배리어덤 시카 토너 250ml,(592건)
442,더모 코스메틱,눅스 아쿠아벨라 로션 50ml,(82건)
443,더모 코스메틱,라로슈포제 세로징크 세범 컨트롤 토닝 미스트 150ml,(669건)
444,더모 코스메틱,유리아쥬 오 떼르말 더블 기획 (150ml+150ml),"(1,658건)"
445,더모 코스메틱,유리아쥬 오 떼르말 50ml,(111건)
446,더모 코스메틱,아벤느 클리낭스 매트 매티파잉 토너 200ml,(384건)
447,더모 코스메틱,바이오더마 센시비오 토너 100ml,(170건)
448,더모 코스메틱,아벤느 오 떼르말 더블 기획 (150ml +150ml),"(3,991건)"
449,더모 코스메틱,라로슈포제 시카플라스트 밤 B5 크림 100ml,"(3,564건)"
450,더모 코스메틱,유세린 더모퓨리파이어 오일컨트롤 수딩크림 50ml,(186건)
451,더모 코스메틱,유세린 더모 퓨리파이어 토너 200ml,(228건)
452,더모 코스메틱,바이오더마 세비엄 포어 리파이너,(747건)
453,더모 코스메틱,라로슈포제 에빠끌라 AI 스팟 에센스,(465건)
454,더모 코스메틱,바이오더마 세비엄 나이트 필 40ml,(144건)
455,더모 코스메틱,유세린 아쿠아포린 액티브 크림 포 노멀 투 컴비네이션 스킨 50ml,(304건)
456,더모 코스메틱,유세린 볼륨 리프팅 나이트 크림,(438건)
457,더모 코스메틱,눅스 아쿠아벨라 에센스 토너 200ml,(80건)
458,더모 코스메틱,유세린 볼륨 리프팅 아이크림 15ml,(219건)
459,더모 코스메틱,유리아쥬 오 떼르말 워터 크림 40ml,(142건)
460,더모 코스메틱,셀퓨전씨 트리악 pH 컨디션 토너 200ml,(498건)
461,더모 코스메틱,아벤느 오떼르말 300ml,"(1,784건)"
462,더모 코스메틱,셀퓨전씨 트리악 모이스처 젤 오인트 100ml,(525건)
463,더모 코스메틱,눅스 크렘프레쉬 리치 크림 50ml (건성용 진정 수분 크림),(68건)
464,더모 코스메틱,눅스 크렘프레쉬 크림 50ml (중성용 진정 수분 크림),(70건)
465,더모 코스메틱,유리아쥬 이제악 3-레귤 40ml,(108건)
466,더모 코스메틱,유리아쥬 제모스 토너 250ml,(732건)
467,더모 코스메틱,라로슈포제 에빠끌라 듀오+ 에센스 40ml,"(1,586건)"
468,더모 코스메틱,바이오더마 에이비씨덤 페리오랄 40ml,(25건)
469,더모 코스메틱,유리아쥬 제모스 토너 500ml (토너패드 증정),(991건)
470,더모 코스메틱,아벤느 트릭세라 더블 기획 (100ml+100ml+젠틀토닝로션100ml 증정),"(1,764건)"
471,더모 코스메틱,바이오더마 에이비씨덤 페리오랄 40ml,(25건)
472,더모 코스메틱,유리아쥬 제모스 토너 500ml (토너패드 증정),(991건)
473,더모 코스메틱,아벤느 트릭세라 더블 기획 (100ml+100ml+젠틀토닝로션100ml 증정),"(1,764건)"
474,더모 코스메틱,[킴닥스 PICK] 더마펌 울트라 수딩 토너 R4 200ml (수분진정),"(2,116건)"
475,더모 코스메틱,[킴닥스 PICK]더마펌 바이오 코렉션 앰플 콜라겐 R4 50ml (탄력진정),"(3,526건)"
476,더모 코스메틱,[킴닥스 PICK] 더마펌 울트라 수딩 하이드라 크림 R4 50ml (수분진정),"(1,847건)"
477,더모 코스메틱,센텔리안24 마데카 멜라 캡처 스틱 10g,(392건)
478,더모 코스메틱,센텔리안24 마데카 릴리프 토너 300ml,(181건)
479,더모 코스메틱,닥터디퍼런트 비타아크날TX 나이트크림 더블 기획 (20g+20g),(421건)
480,더모 코스메틱,[단독기획] 닥터디퍼런트 비타리프트 에이 20g 기획,(570건)
481,더모 코스메틱,더말로지카 멀티-액티브 토너 50ml,(13건)
482,더모 코스메틱,더말로지카 리뉴얼 스킨 스무딩 크림 50ml,(6건)
483,더모 코스메틱,센텔리안24 마데카 옴므 2종 스페셜 기획(토너 150ml + 쉐이브 50ml + 클렌징 50ml 증정),(0건)
484,더모 코스메틱,닥터디퍼런트 비타아크날 TX 캡슐세럼 30ml,(115건)
485,더모 코스메틱,피지오겔 사이언수티컬즈 데일리뮨 앰플세럼 30ml,(33건)
486,더모 코스메틱,센텔리안24 마데카 릴리프 로션 (본품150ml+60ml 추가 증정),(195건)
487,더모 코스메틱,[단독기획] 센텔리안24 링클셀 코어 아이크림 더블 기획 (세럼10mlx2ea증정),(617건)
488,더모 코스메틱,라로슈포제 똘러리앙 덤알레르고 크림 40ml,(82건)
489,더모 코스메틱,센텔리안24 마데카 링클 캡처스틱 10g,(196건)
490,더모 코스메틱,[단독기획]센텔리안24 마데카 멜라 캡처 스틱 듀오 기획,(664건)
491,더모 코스메틱,유리아쥬 제모스끄렘 200ml,(202건)
492,더모 코스메틱,센텔리안24 마데카 릴리프 크림 (본품80ml+15ml 추가 증정),(545건)
493,더모 코스메틱,유세린 하이알루론 미스트 스프레이 150ml,"(1,545건)"
494,더모 코스메틱,[선물추천]센텔리안24 마데카 스페셜 기프트 세트(크림 50ml+15ml+앰플 7ml*2ea),(966건)
495,더모 코스메틱,눅스 레브드미엘 울트라 컴포팅 베리어 크림 50ml,(13건)
496,더모 코스메틱,[채수빈pick]닥터디퍼런트 씨이큐 안티옥시던트 세럼 15ml 2개입,(143건)
497,더모 코스메틱,유리아쥬 제모스 토너 (본품500ml+250ml 추가 증정),"(1,135건)"
498,더모 코스메틱,유세린 하이알루론 어드벤스드 AOX 에센스 30ml,(448건)
499,더모 코스메틱,오가나셀 뉴 펩타이드 리커버리 크림 50ml,(68건)
500,더모 코스메틱,엠브리올리스 하이드라 세럼 30ml,(32건)
501,더모 코스메틱,라로슈포제 에빠끌라 K(+) 토너 200ml (지성 피부),(129건)
502,더모 코스메틱,닥터디퍼런트 311 모이스처라이저 100ml,(95건)
503,더모 코스메틱,[채수빈pick]닥터디퍼런트 비타리프트 아이앤넥 20g,(214건)
504,더모 코스메틱,닥터디퍼런트 비타리프트 에이 20g,(572건)
505,더모 코스메틱,닥터디퍼런트 시카 메탈 세럼 30ml,(35건)
506,더모 코스메틱,닥터디퍼런트 131 모이스처라이저 100ml,(127건)
507,더모 코스메틱,닥터디퍼런트 스케일링 토너 200ml (중건성),(35건)
508,더모 코스메틱,눅스 베리로즈 리프레쉬 토너 (본품200ml+멀티코튼티슈20매 증정),(265건)
509,더모 코스메틱,유리아쥬 제모스 끄렘 400ml,(77건)
510,더모 코스메틱,셀퓨전씨 포스트 알파 아쿠아포린 크림 60ml,(158건)
511,더모 코스메틱,라로슈포제 똘러리앙 울트라 로션 400ML,(171건)
512,더모 코스메틱,[단독기획]센텔리안24 링클셀 코어 세럼 40ml (코어 아이크림 10ml 증정),(190건)
513,더모 코스메틱,유리아쥬 배리어덤 시카 크림 40ml,(167건)
514,더모 코스메틱,유세린 하이알루론 나이트필링 앤 세럼 30ml,(43건)
515,더모 코스메틱,닥터디퍼런트 시카 메탈 크림 50g,(333건)
516,더모 코스메틱,센텔리안24 엑스퍼트 마데카 멜라 캡처 앰플 Rx 7ml 4개입,"(1,214건)"
517,더모 코스메틱,셀퓨전씨 약산성 패리어 토너 300ml,(229건)
518,더모 코스메틱,센텔리안24 엑스퍼트 마데카 멜라 캡처 앰플 Rx 7ml+7ml,"(1,064건)"
519,더모 코스메틱,[멜팅 수분크림] 에스테덤 셀룰러 워터 크림 50ml (주름개선기능성),(114건)
520,더모 코스메틱,유세린 우레아 리페어 크림 50ml,(160건)
521,더모 코스메틱,[2in1 토너+에센스] 에스테덤 셀룰러 워터 에센스 125ml (주름개선기능성),(93건)
522,더모 코스메틱,바이오더마 세비엄 센서티브 30ml,(202건)
523,더모 코스메틱,피지오겔 DMT 에센스 인 토너 200ml,(277건)
524,더모 코스메틱,아벤느 에이-옥시티브 항산화 크림 30ml,(63건)
525,더모 코스메틱,센텔리안24 화이트셀 토닝 앰플 기획 (본품40ml+10ml 추가 증정),(137건)
526,더모 코스메틱,[메이크업아티스트Pick] 에스테덤 셀룰러 워터 미스트 100ml (항산화 미스트),(184건)
527,더모 코스메틱,센텔리안24 마데카 옴므 수딩 토너 스페셜 2종 기획(토너 150ml + 클렌징 50ml),(0건)
